Wavelength [nm],Refractive Index (Re),Refractive Index (Im)
401.715265866209,5.03432494279176,1.77288603492391
402.208597951525,5.02824475856988,1.76531927743763
402.701930036842,5.02539104185278,1.75720531686461
403.195262122158,5.02538148268307,1.74871924717213
403.688594207474,5.02783377110338,1.74003616232747
404.18192629279,5.03236559715631,1.73133115629791
404.675258378106,5.03859465088449,1.72277932305071
405.168590463422,5.04613862233053,1.71455575655317
405.661922548738,5.05461520153704,1.70683555077255
406.155254634054,5.06364207854665,1.69978025872512
406.64858671937,5.07283694340197,1.6932113284126
407.141918804686,5.08181748614562,1.68659337296803
407.635250890002,5.09020139682021,1.67937411618383
408.128582975319,5.09765885517679,1.67100128185244
408.621915060635,5.10421172697908,1.6609479998927
409.115247145951,5.11002636060144,1.64927716618969
409.608579231267,5.11526954730422,1.636644472354
410.101911316583,5.12010807834776,1.62373162207948
410.595243401899,5.12470874499242,1.61121973004953
411.088575487215,5.12922410945737,1.59945832907112
411.581907572531,5.13368133950988,1.58791317720239
412.075239657847,5.13804237554239,1.57590439306302
412.568571743163,5.14226859878881,1.5627520952727
413.06190382848,5.14632139048303,1.54773410296237
413.555235913796,5.15016213185894,1.52979125522904
414.048567999112,5.15375220415045,1.50772535989619
414.541900084428,5.15704847226962,1.48227314696367
415.035232169744,5.15997360498762,1.45758835622866
415.52856425506,5.16243461834381,1.43760832611912
416.021896340376,5.16433844728411,1.42200291828803
416.515228425692,5.16559202675442,1.4084928813763
417.008560511008,5.16610849007428,1.3947890570043
417.501892596324,5.16590266664143,1.37925095515569
417.995224681641,5.16507251756637,1.36243527825211
418.488556766957,5.16371844210975,1.34536349016503
418.981888852273,5.16194083953222,1.32904504915303
419.475220937589,5.15984010909442,1.31368220006263
419.968553022905,5.15751665005702,1.29817331838427
420.461885108221,5.15507086168066,1.28130110995201
420.955217193537,5.15256571065838,1.2624354543366
421.448549278853,5.14974279112547,1.24224462758744
421.941881364169,5.14618008349321,1.22157071537251
422.435213449485,5.14145427049733,1.20111080036458
422.928545534801,5.13514203487354,1.18111631218838
423.421877620118,5.12685928739991,1.16175334568519
423.915209705434,5.11697897285493,1.14318789301339
424.40854179075,5.10655823367534,1.12558049465724
424.901873876066,5.09667876755564,1.10908362542543
425.395205961382,5.08812529904167,1.09384910936788
425.888538046698,5.08069515268558,1.08002877053454
426.381870132014,5.0739806996348,1.0677009175462
426.87520221733,5.06757431103675,1.05664102193219
427.368534302646,5.06106853304593,1.04654658703138
427.861866387962,5.05415670985204,1.0371151161114
428.355198473279,5.04680175850056,1.02804411243983
428.848530558595,5.03901118189058,1.01903421783399
429.341862643911,5.0307924971892,1.00992069787031
429.835194729227,5.02218841856597,1.00072136713255
430.328526814543,5.01335261254991,0.991467043331326
430.821858899859,5.00446055398095,0.982188544177255
431.315190985175,4.99567753878646,0.972916687380962
431.808523070491,4.98701833856383,0.963682217017716
432.301855155807,4.97838275585637,0.954485319383617
432.795187241123,4.96966768760121,0.945248574137923
433.288519326439,4.96077003073549,0.93588242409124
433.781851411756,4.95159032968698,0.926297312054174
434.275183497072,4.94218186466845,0.916403680837332
434.768515582388,4.93280289651557,0.906121006539183
435.261847667704,4.9237260668644,0.895536416778235
435.75517975302,4.91522401735101,0.88488503586744
436.248511838336,4.90751805328722,0.874407071271332
436.741843923652,4.90038527162242,0.864342730454437
437.235176008968,4.89337514996218,0.854932220881285
437.728508094284,4.88603531736174,0.846358552834977
438.2218401796,4.87791375232535,0.838531763393844
438.715172264917,4.86886906434441,0.831280546704455
439.208504350233,4.85964107418999,0.824433583011515
439.701836435549,4.85112479543907,0.817819552559723
440.195168520865,4.84413980323071,0.811267135593782
440.688500606181,4.83853436697401,0.804605050419206
441.181832691497,4.83348219555251,0.797731865372007
441.675164776813,4.8281433924803,0.79076058437167
442.168496862129,4.82167806128071,0.783845224148979
442.661828947445,4.81354968465932,0.777139801434723
443.155161032761,4.80442390327607,0.770798332959685
443.648493118077,4.79526408411597,0.764974835454653
444.141825203394,4.7870000820565,0.75978327576092
444.63515728871,4.77987822921282,0.755092214854441
445.128489374026,4.7735065596759,0.75067730558624
445.621821459342,4.76746865366577,0.746314025591072
446.115153544658,4.76134809140246,0.741777852503692
446.608485629974,4.75473216210187,0.736844263958855
447.10181771529,4.74747138249658,0.731288737591315
447.595149800606,4.73984956522947,0.724886751035829
448.088481885922,4.73219091715536,0.717461135059919
448.581813971238,4.72481964512907,0.709231891486842
449.075146056555,4.71803593796797,0.700617343836578
449.568478141871,4.71186906531872,0.692037278934979
450.061810227187,4.70617736805139,0.683911483607894
450.555142312503,4.70081650663487,0.676615501795606
451.048474397819,4.69564214286224,0.670173296659128
451.541806483135,4.69053471572489,0.664441083928907
452.035138568451,4.68546281071816,0.659274044030355
452.528470653767,4.68041460660162,0.654527357388885
453.021802739083,4.67537828213483,0.65005620442991
453.515134824399,4.67034201607733,0.645715765578843
454.008466909716,4.66529398718871,0.641361221261099
454.501798995032,4.66022237422851,0.63684775691513
454.995131080348,4.65511645040519,0.632063524029773
455.488463165664,4.64998998119528,0.627008083548423
455.98179525098,4.64488085238778,0.621704507850593
456.475127336296,4.63982796982397,0.616175869315794
456.968459421612,4.63487023934518,0.610445240323537
457.461791506928,4.6300465667927,0.604535693253333
457.955123592244,4.62539585800784,0.598470300484693
458.44845567756,4.62095455983297,0.592272134397129
458.941787762876,4.61671431483848,0.585961305962713
459.435119848193,4.61262765601087,0.579544492590517
459.928451933509,4.60864580287684,0.573024564501256
460.421784018825,4.60471997496314,0.566404391668138
460.915116104141,4.60080139179647,0.559686844064371
461.408448189457,4.59684127290357,0.552874791663166
461.901780274773,4.59279083790941,0.545975358963179
462.395112360089,4.58861695295123,0.539035457778031
462.888444445405,4.58434564023264,0.532123716729962
463.381776530721,4.58001689998345,0.525308984085591
463.875108616037,4.57567073243347,0.518660108111538
464.368440701354,4.57134713781253,0.512245937074423
464.86177278667,4.56708611635046,0.506135319240865
465.355104871986,4.56292766827707,0.500396621323256
465.848436957302,4.55891179382217,0.495041810049411
466.341769042618,4.55507203555804,0.489974305630879
466.835101127934,4.55140764345257,0.485085194130714
467.32843321325,4.54790652830332,0.480265561611969
467.821765298566,4.54455659370121,0.475406494137698
468.315097383882,4.54134574323713,0.470399077770955
468.808429469198,4.53826188050199,0.465134398574794
469.301761554515,4.53529290908668,0.459503542612267
469.795093639831,4.53242673258212,0.453404518484876
470.288425725147,4.52965293298056,0.446872899606097
470.781757810463,4.52697376917313,0.440070772190975
471.275089895779,4.52439729026988,0.433164929729429
471.768421981095,4.52193157509824,0.426322165711378
472.261754066411,4.51958470248565,0.419709273626739
472.755086151727,4.51736475125954,0.413493046965433
473.248418237043,4.51527980024735,0.407827077020211
473.741750322359,4.51333792827653,0.402718536202019
474.235082407675,4.5115472141745,0.398083379409803
474.728414492992,4.50991573676872,0.39383618066267
475.221746578308,4.50845123078206,0.389891513979724
475.715078663624,4.5071445415206,0.386163953380071
476.20841074894,4.5059622938046,0.382568072882814
476.701742834256,4.50486924213635,0.379018446507062
477.195074919572,4.50383014101813,0.375429648271916
477.688407004888,4.50280974495222,0.371716252196483
478.181739090204,4.5017728084409,0.367800373273365
478.67507117552,4.50068408598646,0.363678636732028
479.168403260836,4.49950833209119,0.359390150694344
479.661735346153,4.49821030125735,0.354974517866694
480.155067431469,4.49675634130919,0.350471340955459
480.648399516785,4.49514756399488,0.345920222667022
481.141731602101,4.49341883025105,0.341360765707763
481.635063687417,4.49160639133331,0.336832572784062
482.128395772733,4.48974649849728,0.332375246602301
482.621727858049,4.48787540299859,0.328028036443578
483.115059943365,4.48602935609286,0.323813498306145
483.608392028681,4.4842446090357,0.319730620222115
484.101724113997,4.48255741308273,0.315776610389677
484.595056199314,4.48099974546474,0.31194867700702
485.08838828463,4.47957386405718,0.308244028272334
485.581720369946,4.47826940394462,0.304659872383808
486.075052455262,4.47707595417807,0.301193417539632
486.568384540578,4.47598310380857,0.297841871937996
487.061716625894,4.47498044188716,0.294602443777088
487.55504871121,4.47405755746486,0.291472278697696
488.048380796526,4.4732040395927,0.288446109470176
488.541712881842,4.47240947732172,0.285515545436464
489.035044967158,4.47166345970293,0.282671988294916
489.528377052474,4.47095557578739,0.279906839743892
490.021709137791,4.47027568999844,0.277211501481747
490.515041223107,4.46961564453654,0.274577375206839
491.008373308423,4.46896814607598,0.271995862617526
491.501705393739,4.46832590491943,0.269458365412166
491.995037479055,4.46768163136954,0.266956285289116
492.488369564371,4.467028035729,0.264481023946733
492.981701649687,4.46635782830046,0.262024989294545
493.475033735003,4.46566371938661,0.259587762584651
493.968365820319,4.46493841929011,0.257172040008893
494.461697905635,4.46417463831362,0.254780530428809
494.955029990952,4.46336508675982,0.252415942705937
495.448362076268,4.46250327894986,0.250080985701817
495.941694161584,4.46158869553963,0.247778368277984
496.4350262469,4.46062350078748,0.24551079929598
496.928358332216,4.45960987181459,0.24328098761734
497.421690417532,4.45854998574219,0.241091642103604
497.915022502848,4.45744601969146,0.238945471178579
498.408354588164,4.45630015078362,0.236845111356277
498.90168667348,4.45511455613987,0.234793047925079
499.395018758796,4.45389141288139,0.232791747067466
499.888350844112,4.45263289812942,0.230843674965921
500.381682929429,4.45134118900513,0.228951297802926
500.875015014745,4.45001846262974,0.227117081760963
501.368347100061,4.44866689612445,0.225343493022514
501.861679185377,4.44728882636761,0.223632997770061
502.355011270693,4.44589082545891,0.221988062186086
502.848343356009,4.44448403790092,0.220411152453071
503.341675441325,4.4430798355137,0.218904734752889
503.835007526641,4.44168959011735,0.21747015293603
504.328339611957,4.44032467353195,0.216104370966069
504.821671697273,4.43899645757758,0.214803284530755
505.31500378259,4.43771631407431,0.213562789317836
505.808335867906,4.43649561484225,0.212378781015059
506.301667953222,4.43534573170146,0.211247155310173
506.795000038538,4.43427803647202,0.210163807890925
507.288332123854,4.43330390097403,0.209124634445063
507.78166420917,4.43243453957818,0.208125530660336
508.274996294486,4.43166913087988,0.207162392224492
508.768328379802,4.43098653415598,0.206231183557403
509.261660465118,4.43036365072685,0.205330275246895
509.754992550434,4.4297773819129,0.204461017957384
510.24832463575,4.42920462903449,0.203624947516125
510.741656721067,4.42862229341201,0.202823599750373
511.234988806383,4.42800727636585,0.202058510487383
511.728320891699,4.4273364792164,0.201331215554413
512.221652977015,4.42658680328402,0.200643250778716
512.714985062331,4.42573514988912,0.199996151987548
513.208317147647,4.42475860901975,0.199391455008166
513.701649232963,4.42364995080227,0.198830695667824
514.194981318279,4.42242915658838,0.198315398947762
514.688313403595,4.42111892464683,0.197844934107862
515.181645488912,4.41974195324636,0.19741392940283
515.674977574228,4.41832094065574,0.197016382111317
516.168309659544,4.4168785851437,0.196646289511973
516.66164174486,4.41543758497901,0.196297648883449
517.154973830176,4.4140206384304,0.195964457504396
517.648305915492,4.41265044376663,0.195640712653464
518.141638000808,4.41134969925645,0.195320411609305
518.634970086124,4.41014110316861,0.194997551650569
519.12830217144,4.409044974805,0.194666130055905
519.621634256756,4.40805721531922,0.194320144103966
520.114966342072,4.40715938454898,0.193955242535656
520.608298427389,4.40633285944109,0.193573836962428
521.101630512705,4.40555901694238,0.19318006989737
521.594962598021,4.40481923399967,0.192778083854382
522.088294683337,4.40409488755979,0.192372021347364
522.581626768653,4.40336735456955,0.191966024890216
523.074958853969,4.4026180119758,0.191564236996838
523.568290939285,4.40182816585438,0.19117080018113
524.061623024601,4.40097679795776,0.190789856956992
524.554955109917,4.40004009862341,0.190425549838324
525.048287195233,4.39899409291642,0.190081854858942
525.54161928055,4.39781480590187,0.189756355738341
526.034951365866,4.39647826264486,0.189438378111617
526.528283451182,4.39496048821047,0.189116700291094
527.021615536498,4.39323750766379,0.188780100589095
527.514947621814,4.39128534606991,0.188417357317945
528.00827970713,4.38908501617431,0.188017248789967
528.501611792446,4.38666277713542,0.187568553317484
528.994943877762,4.38406898665677,0.187060049212822
529.488275963078,4.38135422680482,0.186480514788303
529.981608048394,4.37856907964605,0.185819119113837
530.47494013371,4.37576412724692,0.18507749738358
530.968272219027,4.3729899516739,0.184272058250956
531.461604304343,4.37029713499347,0.183420066769675
531.954936389659,4.36773625804065,0.182538787993451
532.448268474975,4.36534287962597,0.181645486975994
532.941600560291,4.36310010700073,0.180757428771016
533.434932645607,4.36097960635827,0.179891878432227
533.928264730923,4.35895304389194,0.17906610101334
534.421596816239,4.35699208579511,0.178297361568064
534.914928901555,4.35506839826112,0.177602505596413
535.408260986871,4.35315364748335,0.176987100414145
535.901593072188,4.35121949965512,0.176444448629629
536.394925157504,4.34923762096982,0.175967235557887
536.88825724282,4.34718379698469,0.175548146513938
537.381589328136,4.34506697115641,0.175179866812805
537.874921413452,4.34291208074284,0.174855081769506
538.368253498768,4.34074416615106,0.174566476699062
538.861585584084,4.33858826778814,0.174306736916494
539.3549176694,4.33646942606116,0.174068547736822
539.848249754716,4.33441268137718,0.173844594475067
540.341581840032,4.3324430741433,0.173626462200542
540.834913925349,4.33058564476657,0.173399367047458
541.328246010665,4.32886452755202,0.173146238823869
541.821578095981,4.32728320742344,0.17285000437352
542.314910181297,4.3258246254617,0.172493590540155
542.808242266613,4.32447083775344,0.172059924167517
543.301574351929,4.32320390038531,0.171531932099349
543.794906437245,4.32200586944395,0.170892541179397
544.288238522561,4.32085880101601,0.170124678251402
544.781570607877,4.31974475118813,0.169212899876847
545.274902693193,4.31864577604696,0.168173922262703
545.768234778509,4.31754393167915,0.16705391521472
546.261566863826,4.31642127417133,0.165900135735959
546.754898949142,4.31525985961017,0.16475984082948
547.248231034458,4.31404186799518,0.163680287498346
547.741563119774,4.31275694178725,0.162708732745618
548.23489520509,4.31140630621098,0.161892433574357
548.728227290406,4.30999218472409,0.161277564803958
549.221559375722,4.30851680078433,0.160875848461372
549.714891461038,4.30698237784943,0.160658217950642
550.208223546354,4.30539113937711,0.160593245995143
550.70155563167,4.30374530882513,0.160649505318247
551.194887716987,4.30204710965121,0.160795568643328
551.688219802303,4.30029876531308,0.16100000869376
552.181551887619,4.29850249926849,0.161231398192915
552.674883972935,4.29666053497516,0.161458309864168
553.168216058251,4.29477509589083,0.161651337991492
553.661548143567,4.29284840547324,0.161800945862749
554.154880228883,4.29088268718011,0.161908878309253
554.648212314199,4.28888016446919,0.161977009797684
555.141544399515,4.28684306079821,0.162007214794723
555.634876484831,4.2847735996249,0.162001367767049
556.128208570147,4.282674004407,0.161961343181343
556.621540655464,4.28054649860223,0.161889015504285
557.11487274078,4.27839330566835,0.161786259202557
557.608204826096,4.27621664906308,0.161654948742838
558.101536911412,4.27401875224415,0.161496957118876
558.594868996728,4.27180183866931,0.161313068131295
559.088201082044,4.26956813179627,0.161101048392018
559.58153316736,4.26731985508279,0.160858146377392
560.074865252676,4.2650592319866,0.160581610563765
560.568197337992,4.26278848596542,0.160268689427484
561.061529423309,4.26050984047699,0.159916631444897
561.554861508625,4.25822551897905,0.159522685092351
562.048193593941,4.25593774492934,0.159084098846193
562.541525679257,4.25364874178558,0.158598121182773
563.034857764573,4.25136073300551,0.158062000578436
563.528189849889,4.24907594204687,0.15747298550953
564.021521935205,4.24679659236739,0.156829894860861
564.514854020521,4.24452484355128,0.156139758732846
565.008186105837,4.242261747822,0.15541228204326
565.501518191153,4.24000742007418,0.154657171167967
565.994850276469,4.23776194563186,0.153884132482834
566.488182361785,4.23552540981905,0.153102872363727
566.981514447102,4.23329789795978,0.15232309718651
567.474846532418,4.23107949537808,0.151554513327049
567.968178617734,4.22887028739797,0.150806827161211
568.46151070305,4.22667035934347,0.15008974506486
568.954842788366,4.22447979653862,0.149412973413863
569.448174873682,4.22229868430743,0.148785578212158
569.941506958998,4.22012710797393,0.148209970243129
570.434839044314,4.21796515286215,0.147684613830975
570.92817112963,4.2158129042961,0.147207921502694
571.421503214947,4.21367044759982,0.146778305785281
571.914835300263,4.21153786809734,0.146394179205732
572.408167385579,4.20941525111266,0.146053954291045
572.901499470895,4.20730268196983,0.145756043568216
573.394831556211,4.20520024599286,0.145498859564241
573.888163641527,4.20310802850578,0.145280814806117
574.381495726843,4.20102611483262,0.145100321871205
574.874827812159,4.19895459029739,0.14495584741382
575.368159897475,4.19689354022413,0.144846015022607
575.861491982791,4.19484304993686,0.144769476593443
576.354824068107,4.1928032047596,0.144724884022203
576.848156153424,4.19077409001638,0.144710889204766
577.34148823874,4.18875579103122,0.144726144037008
577.834820324056,4.18674839312815,0.144769300414805
578.328152409372,4.1847519816312,0.144839010234035
578.821484494688,4.18276664186438,0.144933925390574
579.314816580004,4.18079245915173,0.1450526977803
579.80814866532,4.17882951881726,0.145193578757429
580.301480750636,4.17687790618501,0.145346341864889
580.794812835952,4.17493770657899,0.145492671936766
581.288144921268,4.17300900532324,0.145613931139833
581.781477006585,4.17109188774177,0.145691481640863
582.274809091901,4.16918643915862,0.145706685606629
582.768141177217,4.1672927448978,0.145640905203903
583.261473262533,4.16541089028335,0.145475502599459
583.754805347849,4.16354096063928,0.145191839960069
584.248137433165,4.16168304128963,0.144774599826076
584.741469518481,4.15983721755841,0.144233258587894
585.234801603797,4.15800357476965,0.143588505573121
585.728133689113,4.15618219824738,0.142861085185057
586.221465774429,4.15437317331562,0.142071741827002
586.714797859745,4.15257653498832,0.141241219902257
587.208129945062,4.15079207985535,0.140390263814121
587.701462030378,4.14901953394862,0.139539617965894
588.194794115694,4.14725862328926,0.138710026760877
588.68812620101,4.14550907389841,0.13792223460237
589.181458286326,4.14377061179721,0.137196985893674
589.674790371642,4.14204296300679,0.136553996667936
590.168122456958,4.14032585354828,0.135996561371398
590.661454542274,4.13861900944284,0.135514782382656
591.15478662759,4.13692215671159,0.13509838933881
591.648118712906,4.13523502137567,0.13473711187696
592.141450798222,4.13355732945622,0.134420679634206
592.634782883539,4.13188880697438,0.134138822247647
593.128114968855,4.13022917995128,0.133881269354385
593.621447054171,4.12857817440807,0.133637750591517
594.114779139487,4.12693551636587,0.133397995596146
594.608111224803,4.12530093184583,0.13315173400537
595.101443310119,4.12367414686909,0.132888695456289
595.594775395435,4.12205488745677,0.132599518628643
596.088107480751,4.12044287963003,0.132282811142878
596.581439566067,4.11883784940999,0.131941308021893
597.074771651384,4.1172395228178,0.131577779129573
597.5681037367,4.11564762587458,0.131194994329803
598.061435822016,4.11406188460149,0.130795723486468
598.554767907332,4.11248202501965,0.130382736463455
599.048099992648,4.1109077731502,0.129958803124647
599.541432077964,4.10933885501428,0.12952669333393
600.03476416328,4.10777499663304,0.12908917695519
600.528096248596,4.10621592402759,0.128649022182003
601.021428333912,4.10466136321909,0.128208343978081
601.514760419228,4.10311104022867,0.127767614978019
602.008092504544,4.10156468107747,0.127327053794411
602.501424589861,4.10002201178662,0.126886879039854
602.994756675177,4.09848275837727,0.126447309326941
603.488088760493,4.09694664687054,0.12600856326827
603.981420845809,4.09541340328758,0.125570859476434
604.474752931125,4.09388275364953,0.125134416564029
604.968085016441,4.09235442397752,0.12469945314365
605.461417101757,4.09082814029268,0.124266243103766
605.954749187073,4.08930362861617,0.123835451454249
606.448081272389,4.0877806149691,0.12340791192159
606.941413357705,4.08625882537263,0.122984458896759
607.434745443022,4.08473798584789,0.122565926770727
607.928077528338,4.08321782241602,0.122153149934465
608.421409613654,4.08169806109814,0.121746962778943
608.91474169897,4.08017842791541,0.121348199695131
609.408073784286,4.07865864888896,0.120957695074001
609.901405869602,4.07713845003992,0.120576283306522
610.394737954918,4.07561755738944,0.120204487854169
610.888070040234,4.07409569695865,0.119840848678137
611.38140212555,4.07257259476868,0.119483126414396
611.874734210866,4.07104797684068,0.119129079844962
612.368066296182,4.06952156919579,0.118776467751851
612.861398381499,4.06799309785513,0.118423048917079
613.354730466815,4.06646228883985,0.118066582122663
613.848062552131,4.06492886817109,0.117704826150618
614.341394637447,4.06339256186997,0.117335539782962
614.834726722763,4.06185310746303,0.116956481801711
615.328058808079,4.0603104330994,0.11656541098888
615.821390893395,4.05876462372886,0.11616028268832
616.314722978711,4.05721576896119,0.115741636089392
616.808055064027,4.05566395840619,0.115311831194143
617.301387149343,4.05410928167362,0.114873266075523
617.79471923466,4.05255182837326,0.114428338806485
618.288051319976,4.05099168811491,0.11397944745998
618.781383405292,4.04942895050834,0.11352899010896
619.274715490608,4.04786370516333,0.113079364826375
619.768047575924,4.04629604168966,0.112632969685178
620.26137966124,4.04472604969712,0.1121921993624
620.754711746556,4.04315381879548,0.111759161562383
621.248043831872,4.04157943859453,0.111335463297036
621.741375917188,4.04000299870405,0.110922661241695
622.234708002504,4.03842458873381,0.110522312071694
622.72804008782,4.03684429829361,0.110135972462368
623.221372173137,4.03526221699321,0.109765199089054
623.714704258453,4.03367843444241,0.109411548627086
624.208036343769,4.03209304025098,0.1090765777518
624.701368429085,4.03050612402871,0.108761843138531
625.194700514401,4.02891777538537,0.108468901462614
625.688032599717,4.02732808393075,0.10819930825581
626.181364685033,4.02573713927462,0.107951419137165
626.674696770349,4.02414503102678,0.107713396889967
627.168028855665,4.02255184879699,0.107471379272787
627.661360940982,4.02095768219505,0.107211504044196
628.154693026298,4.01936262083072,0.106919908962767
628.648025111614,4.0177667543138,0.10658273178707
629.14135719693,4.01617017225407,0.106186110275677
629.634689282246,4.0145729642613,0.105716182187159
630.128021367562,4.01297521994527,0.105159085280088
630.621353452878,4.01137702891578,0.104500957313036
631.114685538194,4.00977848078259,0.103728816241982
631.60801762351,4.00817966515549,0.102851291303552
632.101349708826,4.00658067164426,0.101899410741773
632.594681794142,4.00498158985869,0.100905240606738
633.088013879459,4.00338250940855,0.0999008469485384
633.581345964775,4.00178351990362,0.0989182958172651
634.074678050091,4.00018471095369,0.0979896532630097
634.568010135407,3.99858617216854,0.0971469853358641
635.061342220723,3.99698799315794,0.0964223580859196
635.554674306039,3.99539026353168,0.0958478115123499
636.048006391355,3.99379307289954,0.095441966999721
636.541338476671,3.99219651087131,0.0951881596432309
637.034670561987,3.99060066705675,0.0950639934598311
637.528002647303,3.98900561747176,0.0950470724664731
638.02133473262,3.9874113362386,0.0951150006801085
638.514666817936,3.98581775124641,0.0952453821176886
639.007998903252,3.98422479015389,0.0954158207961649
639.501330988568,3.98263238061975,0.095603920732489
639.994663073884,3.98104045030267,0.0957872859436122
640.4879951592,3.97944892686135,0.0959435451298281
640.981327244516,3.97785773795449,0.096057700447563
641.474659329832,3.97626681124079,0.0961324065522397
641.967991415148,3.97467607437895,0.0961729046141871
642.461323500464,3.97308545502766,0.0961844358037338
642.95465558578,3.97149488084562,0.0961722412912089
643.447987671097,3.96990427949153,0.096141562246941
643.941319756413,3.96831357862408,0.0960976398412591
644.434651841729,3.96672270590197,0.0960457152444919
644.927983927045,3.96513158898391,0.0959910296269684
645.421316012361,3.96354015552858,0.0959388241590173
645.914648097677,3.96194833319469,0.0958941636463088
646.407980182993,3.96035604964092,0.0958593097124867
646.901312268309,3.95876323252599,0.0958342788725267
647.394644353625,3.95716980950858,0.0958190246186533
647.887976438942,3.95557570824739,0.095813500443091
648.381308524258,3.95398085640113,0.0958176598380642
648.874640609574,3.95238518162849,0.0958314562957972
649.36797269489,3.95078861158816,0.0958548433085146
649.861304780206,3.94919107393884,0.0958877743684407
650.354636865522,3.94759249633923,0.0959301888361614
650.847968950838,3.94599280644803,0.0959801483441889
651.341301036154,3.94439193192394,0.0960319737699112
651.83463312147,3.94278980042565,0.0960795427962098
652.327965206786,3.94118633961185,0.096116733105966
652.821297292102,3.93958147714126,0.0961374223820612
653.314629377418,3.93797514067256,0.0961354883073768
653.807961462735,3.93636725786445,0.0961048085647941
654.301293548051,3.93475775637563,0.0960392608371946
654.794625633367,3.93314656386479,0.0959327228074595
655.287957718683,3.93153360799064,0.0957795215208085
655.781289803999,3.92991881641187,0.0955764399550022
656.274621889315,3.92830211678718,0.0953210959024893
656.767953974631,3.92668343677526,0.0950111078451397
657.261286059947,3.92506270352324,0.0946440942648229
657.754618145263,3.92343976943552,0.0942176736434087
658.247950230579,3.92181433427733,0.0937294644627668
658.741282315895,3.92018607918594,0.0931770852047669
659.234614401212,3.91855468529856,0.0925581543512784
659.727946486528,3.91691983375247,0.0918702903841716
660.221278571844,3.91528120568489,0.0911131283872649
660.71461065716,3.91363848223306,0.0902962749796828
661.207942742476,3.91199134453424,0.0894324133474011
661.701274827792,3.91033947372567,0.0885342275552369
662.194606913108,3.90868255094459,0.087614401668007
662.687938998424,3.90702025732824,0.0866856197505281
663.18127108374,3.90535227401387,0.0857605658676168
663.674603169057,3.90367828213872,0.0848519240840905
664.167935254373,3.90199796284004,0.0839723784647657
664.661267339689,3.90031099725506,0.0831345860270139
665.154599425005,3.89861706652104,0.082350774648989
665.647931510321,3.89691585177521,0.081632828898799
666.141263595637,3.89520703415482,0.0809926237313366
666.634595680953,3.89349029479711,0.0804420341014944
667.127927766269,3.89176531483934,0.0799929349641652
667.621259851585,3.89003177541873,0.0796572012742416
668.114591936901,3.88828935767253,0.0794467079866164
668.607924022218,3.88653774273799,0.0793733300561824
669.101256107534,3.88477661175236,0.0794489424378321
669.59458819285,3.88300564585287,0.0796835837729022
670.087920278166,3.88122452617676,0.0800617072632533
670.581252363482,3.87943293386129,0.0805489949578977
671.074584448798,3.8776305500437,0.081110696559139
671.567916534114,3.87581705586122,0.0817120617692809
672.06124861943,3.8739921324511,0.0823183402906263
672.554580704746,3.8721554609506,0.0828947818254792
673.047912790062,3.87030696742643,0.0834066360761428
673.541244875378,3.86844775243668,0.0838201323954292
674.034576960695,3.86657926816409,0.0841220560060143
674.527909046011,3.86470296685619,0.0843187066507946
675.021241131327,3.86282030076049,0.0844171552767732
675.514573216643,3.86093272212451,0.0844244728309535
676.007905301959,3.85904168319577,0.0843477302603385
676.501237387275,3.85714863622178,0.0841939985119317
676.994569472591,3.85525503345007,0.0839703485327361
677.487901557907,3.85336232712814,0.0836838512697551
677.981233643223,3.85147196950353,0.0833412917873973
678.474565728539,3.84958541282374,0.0829473335363626
678.967897813855,3.84770410933629,0.082505685614095
679.461229899172,3.84582951128871,0.0820200525421649
679.954561984488,3.8439630709285,0.0814941388421424
680.447894069804,3.84210624050319,0.080931649035598
680.94122615512,3.8402604722603,0.0803362876441019
681.434558240436,3.83842721844734,0.0797117591892245
681.927890325752,3.83660793131183,0.0790626938878784
682.421222411068,3.83480406310129,0.0784032617386463
682.914554496384,3.83301706606323,0.077753253090966
683.4078865817,3.83124839244518,0.0771325306421061
683.901218667016,3.8294994816014,0.0765609570893349
684.394550752333,3.82777103433544,0.0760583951299208
684.887882837649,3.82606262640564,0.0756447074611325
685.381214922965,3.82437373905962,0.0753397567802382
685.874547008281,3.82270385354502,0.0751634057845066
686.367879093597,3.82105245110946,0.0751355171712059
686.861211178913,3.81941901300055,0.0752759536376046
687.354543264229,3.81780302046593,0.0756030864699276
687.847875349545,3.81620395475321,0.0760988805828005
688.341207434861,3.81462129711003,0.0767076858358397
688.834539520177,3.813054528784,0.0773721188600971
689.327871605494,3.81150313102274,0.0780347962866252
689.82120369081,3.80996658507389,0.0786383347464759
690.314535776126,3.80844437218507,0.0791253508707014
690.807867861442,3.8069359736039,0.0794384612903541
691.301199946758,3.80544087057801,0.0795211519593431
691.794532032074,3.80395854435501,0.0793529604593407
692.28786411739,3.80248847618253,0.078961605751818
692.781196202706,3.8010301473082,0.0783781662173697
693.274528288022,3.79958303897965,0.0776337202365901
693.767860373338,3.79814663244448,0.0767593461900735
694.261192458655,3.79672040895034,0.0757861224584146
694.754524543971,3.79530384974484,0.0747451274222076
695.247856629287,3.7938964360756,0.073667439462047
695.741188714603,3.79249764919025,0.0725841369585272
696.234520799919,3.79110697033642,0.0715262982922425
696.727852885235,3.78972388076173,0.070522314380453
697.221184970551,3.7883478617138,0.0695806596937868
697.714517055867,3.78697839444025,0.0687008607560422
698.207849141183,3.78561496018872,0.0678824014244522
698.701181226499,3.78425704020682,0.0671247655562496
699.194513311815,3.78290411574217,0.066427437008667
699.687845397132,3.78155566804241,0.0657898996389372
700.181177482448,3.78021117835516,0.0652116373042929
700.674509567764,3.77887012792803,0.0646921338619669
701.16784165308,3.77753199800866,0.0642308731691921
701.661173738396,3.77619626984467,0.0638273390832012
702.154505823712,3.77486242468368,0.0634810154612269
702.647837909028,3.77352994377331,0.063191386160502
703.141169994344,3.77219836212422,0.0629569384902677
703.63450207966,3.77086837126624,0.0627664698362703
704.127834164976,3.76954177646042,0.0626033220665219
704.621166250292,3.76822042816948,0.0624507760186077
705.114498335609,3.76690617685609,0.0622921125301125
705.607830420925,3.76560087298295,0.0621106124386216
706.101162506241,3.76430636701276,0.0618895565817199
706.594494591557,3.7630245094082,0.0616122257969926
707.087826676873,3.76175715063199,0.0612619009220246
707.581158762189,3.7605061411468,0.0608218627944009
708.074490847505,3.75927333141533,0.0602753922517068
708.567822932821,3.75806057190028,0.0596057701315271
709.061155018137,3.75686971306433,0.0587964006516927
709.554487103453,3.75570260537019,0.0578444514781398
710.04781918877,3.75456109928055,0.0567732159044788
710.541151274086,3.7534470452581,0.0556089061408214
711.034483359402,3.75236229376553,0.0543777343972786
711.527815444718,3.75130869526554,0.0531059128839616
712.021147530034,3.75028810022083,0.0518196538109818
712.51447961535,3.74930235909408,0.0505451693884504
713.007811700666,3.74835332234799,0.0493086718264785
713.501143785982,3.74744284044526,0.0481363733351772
713.994475871298,3.74657276384857,0.0470544861246584
714.487807956615,3.74574494302063,0.0460871719918391
714.981140041931,3.74496122842413,0.0452349048146935
715.474472127247,3.74422347052175,0.0444829459900014
715.967804212563,3.7435335197762,0.043816306501741
716.461136297879,3.74289322665016,0.0432199973338906
716.954468383195,3.74230444041649,0.0426790294704284
717.447800468511,3.74176804244763,0.0421784138953326
717.941132553827,3.74128219907635,0.0417031615925817
718.434464639143,3.74084460414025,0.0412382835461536
718.927796724459,3.74045295147696,0.0407687907400269
719.421128809775,3.74010493492409,0.0402796941581797
719.914460895092,3.73979824831928,0.0397560047845903
720.407792980408,3.73953058550014,0.0391827336032368
720.901125065724,3.73929964030428,0.0385448915980976
721.39445715104,3.73910310656933,0.0378325413017094
721.887789236356,3.73893867813291,0.0370582875706794
722.381121321672,3.73880404883263,0.0362410208558879
722.874453406988,3.73869691250612,0.0353996318814518
723.367785492304,3.738614962991,0.0345530113714886
723.86111757762,3.73855589412489,0.0337200500501154
724.354449662936,3.7385173997454,0.0329196386414492
724.847781748252,3.73849717369015,0.0321706678696071
725.341113833568,3.73849290979678,0.0314920284587064
725.834445918885,3.73850230190288,0.030902611132864
726.327778004201,3.7385230438461,0.0304213066161973
726.821110089517,3.73855282946403,0.0300644983147629
727.314442174833,3.73858972462815,0.0298267858691436
727.807774260149,3.73863423313986,0.0296915691875569
728.301106345465,3.73868784044187,0.0296421561123763
728.794438430781,3.73875203466966,0.0296618544859756
729.287770516097,3.7388283039587,0.0297339721507284
729.781102601413,3.73891813644445,0.0298418169490086
730.27443468673,3.73902302026239,0.0299686967231896
730.767766772046,3.73914444354798,0.0300979193156452
731.261098857362,3.73928389443669,0.0302127925687491
731.754430942678,3.73944286106399,0.0302966243248749
732.247763027994,3.73962283156536,0.0303327224263963
732.74109511331,3.73982529407625,0.0303044940190744
733.234427198626,3.74005173673215,0.0302035702038664
733.727759283942,3.74030364766851,0.0300358375509183
734.221091369258,3.74058251502081,0.0298086038862111
734.714423454574,3.74088982692451,0.0295291770357261
735.207755539891,3.74122707151509,0.0292048648254446
735.701087625207,3.74159573692802,0.0288429750813477
736.194419710523,3.74199731129875,0.0284508156294167
736.687751795839,3.74243328112796,0.0280356942956328
737.181083881155,3.74290417582574,0.0276049189059773
737.674415966471,3.74340795901508,0.0271657972864312
738.167748051787,3.74394216885564,0.0267256372629759
738.661080137103,3.74450434350708,0.0262917466615925
739.154412222419,3.74509202112906,0.0258707125982803
739.647744307735,3.74570273988123,0.0254643228280302
740.141076393051,3.74633403792324,0.0250724042585399
740.634408478368,3.74698345341478,0.0246947779648069
741.127740563684,3.74764852451547,0.0243312650218288
741.621072649,3.748326789385,0.0239816865046033
742.114404734316,3.74901578618301,0.023645863488128
742.607736819632,3.74971305306916,0.0233236170474003
743.101068904948,3.75041612820312,0.0230147682574181
743.594400990264,3.75112254974454,0.0227191381931788
744.08773307558,3.75182985585307,0.0224365479296802
744.581065160896,3.75253558468838,0.0221668185419198
745.074397246212,3.75323727441013,0.0219097711048952
745.567729331528,3.75393246550629,0.0216652266936041
746.061061416845,3.75461943155903,0.021433006383044
746.554393502161,3.75529821882245,0.0212129312482125
747.047725587477,3.75596913619082,0.0210048223641074
747.541057672793,3.75663249255843,0.0208085008057261
748.034389758109,3.75728859681953,0.0206237876480663
748.527721843425,3.75793775786841,0.0204505039661257
749.021053928741,3.75858028459933,0.0202884708349018
749.514386014057,3.75921648590657,0.0201375093293922
750.007718099373,3.75984667068439,0.0199974405245945
750.50105018469,3.76047114782707,0.0198680854955064
750.994382270006,3.76109022622888,0.0197492653171255
751.487714355322,3.76170421478409,0.0196408010644493
751.981046440638,3.76231342238697,0.0195425138124755
752.474378525954,3.7629181579318,0.0194542246362018
752.96771061127,3.76351873031284,0.0193757546106256
753.461042696586,3.76411544842437,0.0193069248107447
753.954374781902,3.76470862116066,0.0192475563115566
754.447706867218,3.76529855741598,0.019197470188059
754.941038952534,3.7658855660846,0.0191564875152494
755.43437103785,3.76646995606079,0.0191244293681255
755.927703123167,3.76705203623883,0.0191011168216849
756.421035208483,3.76763211551298,0.0190863709509252
756.914367293799,3.76821050277752,0.019080012830844
757.407699379115,3.76878750692672,0.0190818635364389
757.901031464431,3.76936343685485,0.0190917441427075
758.394363549747,3.76993860145618,0.0191094757246475
758.887695635063,3.77051330962499,0.0191348793572564
759.381027720379,3.77108787025554,0.0191677761155319
759.874359805695,3.77166259224211,0.0192079870744716
760.367691891011,3.77223778447897,0.0192553333090731
760.861023976328,3.77281375586038,0.0193096358943339
761.354356061644,3.77339074178142,0.0193707159052518
761.84768814696,3.77396855417956,0.0194383944168243
762.341020232276,3.77454685365412,0.0195124925040491
762.834352317592,3.77512530061479,0.0195928312419236
763.327684402908,3.77570355547124,0.0196792317054457
763.821016488224,3.77628127863316,0.0197715149696128
764.31434857354,3.77685813051022,0.0198695021094226
764.807680658856,3.77743377151209,0.0199730141998727
765.301012744172,3.77800786204845,0.0200818723159607
765.794344829488,3.77858006252898,0.0201958975326842
766.287676914805,3.77915003336336,0.0203149109250408
766.781009000121,3.77971743496127,0.0204387335680282
767.274341085437,3.78028192773237,0.0205671865366439
767.767673170753,3.78084317208636,0.0207000909058856
768.261005256069,3.7814008284329,0.0208372677507509
768.754337341385,3.78195455718167,0.0209785381462374
769.247669426701,3.78250401874235,0.0211237231673426
769.741001512017,3.78304887352462,0.0212726438890643
770.234333597333,3.78358878193815,0.0214251213863999
770.727665682649,3.78412340439262,0.0215809767343472
771.220997767965,3.78465240129771,0.0217400310079038
771.714329853282,3.7851754330631,0.0219021052820672
772.207661938598,3.78569216009845,0.0220670206318351
772.700994023914,3.78620224281346,0.0222345981322051
773.19432610923,3.7867053416178,0.0224046588581748
773.687658194546,3.78720111692113,0.0225770238847417
774.180990279862,3.78768922913315,0.0227515142869036
774.674322365178,3.78816933847759,0.022927951139658
775.167654450494,3.78864025866601,0.0231061555180025
775.66098653581,3.78909800822477,0.0232859484969348
776.154318621126,3.78953802955246,0.0234671511514524
776.647650706443,3.78995576504768,0.0236495845565531
777.140982791759,3.79034665710902,0.0238330697872343
777.634314877075,3.79070614813507,0.0240174279184937
778.127646962391,3.79102968052444,0.0242024800253289
778.620979047707,3.79131269667573,0.0243880471827375
779.114311133023,3.79155063898751,0.0245739504657171
779.607643218339,3.79173894985839,0.0247600109492655
780.100975303655,3.79187307168697,0.02494604970838
780.594307388971,3.79194844687184,0.0251318878180584
781.087639474288,3.791961129713,0.0253173463532983
781.580971559604,3.79191053463393,0.0255022463890973
782.07430364492,3.79179722339896,0.025686409000453
782.567635730236,3.79162175875913,0.025869655262363
783.060967815552,3.79138470346544,0.0260518062498249
783.554299900868,3.79108662026891,0.0262326830378363
784.047631986184,3.79072807192057,0.026412106701395
784.5409640715,3.79030962117142,0.0265898983154983
785.034296156816,3.78983183077249,0.0267658789551441
785.527628242132,3.78929526347479,0.0269398696953298
786.020960327448,3.78870048202934,0.0271116916110531
786.514292412765,3.78804807275176,0.0272811657773116
787.007624498081,3.78734084903215,0.0274481132691029
787.500956583397,3.78658564888859,0.0276123551614246
787.994288668713,3.78578973337077,0.0277737125292745
788.487620754029,3.78496036352837,0.0279320064476499
788.980952839345,3.78410480041107,0.0280870579915486
789.474284924661,3.78323030506858,0.0282386882359682
789.967617009977,3.78234413855057,0.0283867182559063
790.460949095293,3.78145356190672,0.0285309691263604
790.954281180609,3.78056583618673,0.0286712619223283
791.447613265925,3.77968822244028,0.0288074177188075
791.940945351242,3.77882798171705,0.0289392575907956
792.434277436558,3.77799237506674,0.0290666026132903
792.927609521874,3.77718866353903,0.0291892738612891
793.42094160719,3.77642410818361,0.0293070924097898
793.914273692506,3.77570590757528,0.0294198793337897
794.407605777822,3.77503729842214,0.0295274557082867
794.900937863138,3.77441525060142,0.0296296426082783
795.394269948454,3.77383617991538,0.029726261108762
795.88760203377,3.7732965021663,0.0298171322847356
796.380934119086,3.77279263315645,0.0299020772111967
796.874266204403,3.77232098868811,0.0299809169631428
797.367598289719,3.77187798456356,0.0300534726155716
797.860930375035,3.77146003658506,0.0301195652434806
798.354262460351,3.7710635605549,0.0301790159218675
798.847594545667,3.77068497227534,0.0302316457257299
799.340926630983,3.77032068754867,0.0302772757300654
799.834258716299,3.76996712217715,0.0303157270098717
800.327590801615,3.76962069196306,0.0303468504817257
800.820922886931,3.76927781270868,0.0303706757765953
801.314254972247,3.76893490021629,0.0303872987585401
801.807587057564,3.76858837028815,0.0303968153998212
802.30091914288,3.76823463872653,0.0303993216726994
802.794251228196,3.76787012133373,0.0303949135494359
803.287583313512,3.76749133368497,0.0303836870022916
803.780915398828,3.7670960836018,0.0303657380035274
804.274247484144,3.76668308010935,0.0303411625254045
804.76757956946,3.76625105059864,0.0303100565401838
805.260911654776,3.76579872246072,0.0302725160201263
805.754243740092,3.76532482308662,0.0302286369374929
806.247575825408,3.76482807986735,0.0301785152645447
806.740907910724,3.76430722019395,0.0301222469735427
807.234239996041,3.76376097145746,0.0300599280367479
807.727572081357,3.76318806104891,0.0299916544264213
808.220904166673,3.76258721635932,0.0299175221148238
808.714236251989,3.76195716477972,0.0298376270742165
809.207568337305,3.76129663370115,0.0297520652768604
809.700900422621,3.76060435051464,0.0296609326950164
810.194232507937,3.75987904261121,0.0295643253009455
810.687564593253,3.7591194373819,0.0294623390669088
811.180896678569,3.75832426221774,0.0293550699651673
811.674228763885,3.75749224450976,0.0292426139679819
812.167560849201,3.75662211164899,0.0291250670476137
812.660892934518,3.75571259102646,0.0290025251763236
813.154225019834,3.75476292946126,0.0288750843263726
813.64755710515,3.75377767705819,0.0287428404700217
814.140889190466,3.75276448589334,0.0286058895795319
814.634221275782,3.75173104711329,0.0284643276271643
815.127553361098,3.75068505186463,0.0283182505851798
815.620885446414,3.74963419129393,0.0281677544258394
816.11421753173,3.74858615654777,0.0280129351214042
816.607549617046,3.74754863877273,0.027853888644135
817.100881702363,3.74652932911539,0.0276907109662929
817.594213787679,3.74553591872234,0.0275234980601389
818.087545872995,3.74457609874014,0.027352345897934
818.580877958311,3.74365756031539,0.0271773504519392
819.074210043627,3.74278799459466,0.0269986076944155
819.567542128943,3.74197509272452,0.0268162135976239
820.060874214259,3.74122654585156,0.0266302641338254
820.554206299575,3.74055004512237,0.0264408552752809
821.047538384891,3.73995328168351,0.0262480829942516
821.540870470207,3.73944394668156,0.0260520432629982
822.034202555523,3.73902973125337,0.0258528320537819
822.52753464084,3.73871520918427,0.0256505453388637
823.020866726156,3.73849302769703,0.0254452790905046
823.514198811472,3.73835298222611,0.0252371292809655
824.007530896788,3.73828486820598,0.0250261918825075
824.500862982104,3.7382784810711,0.0248125628673915
824.99419506742,3.73832361625594,0.0245963382078786
825.487527152736,3.73841006919497,0.0243776138762296
825.980859238052,3.73852763532266,0.0241564858447057
826.474191323368,3.73866611007346,0.0239330500855678
826.967523408684,3.73881528888185,0.023707402571077
827.460855494001,3.73896496718229,0.0234796392734943
827.954187579317,3.73910494040926,0.0232498561650805
828.447519664633,3.7392250039972,0.0230181492180967
828.940851749949,3.73931495338061,0.022784614404804
829.434183835265,3.73936458399393,0.0225493476974633
829.927515920581,3.73936369127163,0.0223124450683355
830.420848005897,3.73930207064819,0.0220740024896818
830.914180091213,3.73916951755807,0.021834115933763
831.407512176529,3.73895594581897,0.0215928813728403
831.900844261845,3.73865873420884,0.0213503947791746
832.394176347161,3.73828704526726,0.0211067521250268
832.887508432478,3.73785108050971,0.0208620493826581
833.380840517794,3.73736104145172,0.0206163825243293
833.87417260311,3.73682712960879,0.0203698475223014
834.367504688426,3.73625954649641,0.0201225403488356
834.860836773742,3.7356684936301,0.0198745569761926
835.354168859058,3.73506417252536,0.0196259933766337
835.847500944374,3.73445678469769,0.0193769455224198
836.34083302969,3.7338565316626,0.0191275093858118
836.834165115006,3.73327361493559,0.0188777809390708
837.327497200322,3.73271823603216,0.0186278561544577
837.820829285639,3.73220059646782,0.0183778310042335
838.314161370955,3.73173089775808,0.0181278014606593
838.807493456271,3.73131934141843,0.017877863495996
839.300825541587,3.73097612896439,0.0176281130825047
839.794157626903,3.73071087098195,0.0173786461924463
840.287489712219,3.73052002504395,0.0171295587980818
840.780821797535,3.73038713473315,0.0168809468716723
841.274153882851,3.73029520051245,0.0166329063854787
841.767485968167,3.73022722284475,0.016385533311762
842.260818053483,3.73016620219294,0.0161389236227831
842.754150138799,3.73009513901993,0.0158931732908032
843.247482224116,3.72999703378862,0.0156483782880832
843.740814309432,3.72985488696189,0.0154046345868841
844.234146394748,3.72965169900267,0.015162038159467
844.727478480064,3.72937047037383,0.0149206849780927
845.22081056538,3.72899420153829,0.0146806710150223
845.714142650696,3.72850589295894,0.0144420922425168
846.207474736012,3.72788854509868,0.0142050446328371
846.700806821328,3.7271251584204,0.0139696241582444
847.194138906644,3.72619976159918,0.0137359267909994
847.687470991961,3.72511478353689,0.0135040485033635
848.180803077277,3.72388853785856,0.0132740852675973
848.674135162593,3.72253985988995,0.0130461330559621
849.167467247909,3.72108758495681,0.0128202878407187
849.660799333225,3.7195505483849,0.0125966455941281
850.154131418541,3.71794758549998,0.0123753022884514
850.647463503857,3.71629753162781,0.0121563538959495
851.140795589173,3.71461922209414,0.0119398963888835
851.634127674489,3.71293149222474,0.0117260257395143
852.127459759805,3.71125317734536,0.011514837920103
852.620791845121,3.70960311278176,0.0113064289029105
853.114123930438,3.7080001338597,0.0111008946601979
853.607456015754,3.70646307590493,0.0108983311642261
854.10078810107,3.70501077424322,0.0106988343872561
854.594120186386,3.70366206420032,0.0105025003015488
855.087452271702,3.702435781102,0.0103094248793655
855.580784357018,3.70134898143118,0.0101197040929669
856.074116442334,3.70040253922115,0.00993343391461414
856.56744852765,3.69958868996735,0.0097507103165682
857.060780612966,3.69889958810728,0.00957162927109007
857.554112698282,3.69832738807842,0.00939628675044073
858.047444783598,3.69786424431828,0.00922477872688118
858.540776868915,3.69750231126436,0.00905720117267243
859.034108954231,3.69723374335413,0.00889365006007542
859.527441039547,3.69705069502512,0.00873422136135124
860.020773124863,3.69694532071479,0.0085790110487608
860.514105210179,3.69690977486067,0.00842811509456517
861.007437295495,3.69693621190023,0.0082816294710253
861.500769380811,3.69701678627098,0.00813965015040221
861.994101466127,3.69714365241041,0.00800227310495689
862.487433551443,3.69730896475601,0.00786959430695032
862.980765636759,3.69750487774529,0.00774170972864348
863.474097722076,3.69772354581573,0.00761871534229742
863.967429807392,3.69795712340484,0.00750070712017309
864.460761892708,3.6981979002833,0.00738778103453153
864.954093978024,3.69843971251835,0.00728003305763371
865.44742606334,3.69867738113746,0.00717755916174063
865.940758148656,3.69890574302498,0.00708045531911328
866.434090233972,3.69911963506528,0.00698881750201266
866.927422319288,3.69931389414272,0.00690274168269975
867.420754404604,3.69948335714166,0.00682232383343559
867.914086489921,3.69962286094645,0.00674765992648112
868.407418575237,3.69972724244146,0.00667884593409739
868.900750660553,3.69979133851105,0.00661597782854538
869.394082745869,3.69980998603958,0.00655915158208607
869.887414831185,3.69977802191141,0.00650846316698046
870.380746916501,3.69969028301089,0.00646400855548956
870.874079001817,3.6995416062224,0.00642588371987435
871.367411087133,3.69932682843029,0.00639418463239583
871.860743172449,3.69904078651891,0.00636900726531501
872.354075257765,3.69867831737264,0.00635044759089286
872.847407343081,3.69823425787583,0.00633860158139041
873.340739428398,3.69770406841559,0.00633356520906864
873.834071513714,3.697092318525,0.00633543444618854
874.32740359903,3.69641047898319,0.00634430526501111
874.820735684346,3.69567019179902,0.00636027363779735
875.314067769662,3.69488309898135,0.00638343553680826
875.807399854978,3.69406084253903,0.00641388693430482
876.300731940294,3.69321506448092,0.00645172380254805
876.79406402561,3.69235740681588,0.00649704211379892
877.287396110926,3.69149951155276,0.00654993784031844
877.780728196242,3.69065302070042,0.00661050695436761
878.274060281558,3.68982957626771,0.00667884542820742
878.767392366874,3.6890408202635,0.00675504923409886
879.260724452191,3.68829839469663,0.00683921434430294
879.754056537507,3.68761394157596,0.00693143673108068
880.247388622823,3.68699910291036,0.00703181236669302
880.740720708139,3.68646552070867,0.007140437223401
881.234052793455,3.68602483697975,0.00725740727346558
881.727384878771,3.68568867875106,0.00738281848914778
882.220716964087,3.68546334529704,0.00751676684270859
882.714049049403,3.68534196249669,0.00765934830640901
883.207381134719,3.68531565567783,0.00781065885251002
883.700713220036,3.68537555016827,0.00797079445327268
884.194045305352,3.68551277129585,0.0081398510809579
884.687377390668,3.68571844438836,0.00831792470782676
885.180709475984,3.68598369477362,0.00850511130614016
885.6740415613,3.68629964777946,0.00870150684815915
886.167373646616,3.68665742873369,0.00890720730614472
886.660705731932,3.68704816296413,0.00912230865235787
887.154037817248,3.68746297579859,0.0093469068590596
887.647369902564,3.68789299256489,0.00958109789851089
888.14070198788,3.68832933859084,0.00982497774297281
888.634034073196,3.68876313920426,0.0100786423647062
889.127366158513,3.68918551973298,0.0103421877359723
889.620698243829,3.68958760550479,0.0106157098290318
890.114030329145,3.68996052184753,0.0108993046161459
890.607362414461,3.69029539408901,0.0111930680695756
891.100694499777,3.69058334755703,0.0114970961615818
891.594026585093,3.69081550757943,0.0118114848644255
892.087358670409,3.69098299948402,0.0121363301503678
892.580690755725,3.69107694859861,0.0124717279916696
893.074022841041,3.69108848025102,0.0128177743605921
893.567354926357,3.69100871976906,0.0131745652293959
894.060687011674,3.69082879248056,0.0135421965703423
894.55401909699,3.69053982371332,0.0139207643556922
